x,y,z
0.833316,-2.563e-05,0.000210993
0.752643,-0.121036,0.00188985
0.690002,-0.214996,0.000693828
0.653456,-0.269816,0.00340752
1.2751,0.662646,0.00795559
0.633622,-0.299567,0.00292505
0.616414,-0.325379,0.00340558
1.27257,0.658859,0.00206899
1.23768,0.606517,0.0106036
1.25203,0.628042,0.00591664
1.23441,0.60162,0.00123368
1.22993,0.5949,0.00767895
1.20292,0.55438,0.00131679
1.18295,0.52442,0.00578609
1.19255,0.53882,0.000428252
1.22138,0.582076,0.010826
1.1973,0.545957,0.00854523
1.1495,0.474244,0.00894318
1.17194,0.507905,0.00304804
1.13583,0.453748,0.00636081
1.13929,0.45893,0.00238437
1.1661,0.499144,0.00503968
1.08929,0.383931,0.00386493
1.06098,0.341468,0.00132382
1.10331,0.404972,0.0107661
1.11309,0.419629,0.00650937
1.04626,0.319385,0.00634441
1.03982,0.309734,0.00228585
0.999382,0.249073,0.00667896
1.03026,0.295395,0.00930005
1.01365,0.270479,0.00019088
0.952479,0.178719,0.00124504
0.995929,0.243894,0.00725335
0.944147,0.16622,0.00573064
0.973763,0.210645,0.00431997
0.859931,0.0398961,0.00742534
0.913498,0.120247,0.00275352
0.898958,0.098437,0.00543618
0.824309,-0.0135359,0.000683995
0.804225,-0.0436631,0.00550347
0.781316,-0.0780265,0.00258998
0.829288,-0.00606763,0.000124643
0.706097,-0.190854,0.00147284
0.771516,-0.0927262,0.00330166
0.725169,-0.162246,0.00489365
0.673972,-0.239042,0.0012209
0.604227,-0.343659,0.00085361
0.64593,-0.281105,0.00298722
0.57058,-0.394129,0.00211649
0.836044,0.00406624,0.00458722
0.879249,0.068874,0.0192634
0.867432,0.0511488,0.014736
0.846063,0.0190945,0.0295834
0.842384,0.0135767,0.018978
0.873915,0.0608725,0.00407802
0.853,0.0295,0.00967036
0.857442,0.0361631,0.0238385
0.860446,0.0406688,0.00198531
0.850286,0.0254296,0.0212761
0.869226,0.0538397,0.0268777
0.839494,0.00924128,0.0122818
0.803069,-0.0453974,0.011213
0.807307,-0.0390391,0.0262158
0.822941,-0.0155883,0.0020078
0.789611,-0.0655836,0.0233583
0.827812,-0.00828181,0.0166582
0.785635,-0.0715476,0.00910151
0.795692,-0.0564627,0.0280264
0.815388,-0.0269186,0.0142134
0.817001,-0.0244978,0.0199442
0.799779,-0.0503311,0.00391135
0.829805,-0.00529237,0.00871277
0.784195,-0.0737068,0.0250809
0.75659,-0.115115,0.00759629
0.764261,-0.103609,0.0222321
0.745798,-0.131304,0.0320643
0.772297,-0.0915542,0.00981598
0.77937,-0.0809454,0.0249988
0.73538,-0.14693,0.016457
0.769616,-0.0955765,0.0055741
0.751168,-0.123248,0.0196758
0.773296,-0.0900566,0.0178359
0.743464,-0.134804,0.00291121
0.759735,-0.110397,0.015263
0.755381,-0.116928,0.0268675
0.728825,-0.156762,0.0288066
0.695571,-0.206643,0.0138294
0.713289,-0.180066,0.0103346
0.706768,-0.189848,0.0237225
0.70214,-0.19679,0.00479518
0.71828,-0.172579,0.0194136
0.694133,-0.208801,0.0285303
0.731222,-0.153167,0.0144981
0.715438,-0.176842,0.0268488
0.710737,-0.183894,0.0178626
0.724265,-0.163602,0.00566968
0.697777,-0.203334,0.0215077
0.667754,-0.248369,0.0229016
0.663708,-0.254438,0.00811122
0.680305,-0.229543,0.0176063
0.6547,-0.26795,0.0278825
0.644894,-0.282658,0.0130434
0.688185,-0.217723,0.0326485
0.656527,-0.265209,0.0213726
0.67481,-0.237785,0.00764462
0.664908,-0.252639,0.0297578
0.670487,-0.244269,0.0149625
0.683321,-0.225018,0.0194366
0.651893,-0.272161,0.00589181
0.611323,-0.333016,0.0213412
0.635588,-0.296618,0.0104571
0.623415,-0.314877,0.0303179
0.61878,-0.32183,0.0145994
0.629606,-0.30559,0.0158128
0.612472,-0.331292,0.0310793
1.27418,0.661278,0.0126301
0.643945,-0.284083,0.0253481
0.6379,-0.29315,0.0328292
1.28175,0.672625,0.0252838
0.626008,-0.310987,0.00748552
0.620593,-0.319111,0.0235148
1.2326,0.598899,0.0218739
1.26695,0.650429,0.0347485
1.25329,0.629939,0.0176934
1.24903,0.623541,0.0260483
1.241,0.611496,0.0118355
1.26111,0.64167,0.0323887
1.26944,0.654163,0.023786
1.22789,0.591839,0.0371498
1.23975,0.60963,0.0328299
1.25627,0.634407,0.0188658
1.27109,0.65664,0.0274165
1.22573,0.588598,0.016551
1.20921,0.563816,0.0384157
1.18816,0.532235,0.0251612
1.21936,0.579034,0.0162951
1.17551,0.513261,0.0277443
1.19615,0.544229,0.0338675
1.19999,0.549978,0.0186778
1.21447,0.571702,0.0301225
1.18106,0.521585,0.0134383
1.17776,0.51664,0.0207765
1.2239,0.585855,0.0346939
1.19215,0.538232,0.0317992
1.20767,0.561499,0.0121704
1.15296,0.479434,0.0244827
1.134,0.451005,0.0328045
1.12398,0.435977,0.0155768
1.16817,0.502252,0.0296668
1.16543,0.49814,0.0132421
1.12598,0.438968,0.0276437
1.13975,0.459629,0.018481
1.14838,0.472573,0.0376172
1.17201,0.50801,0.0207706
1.12137,0.432055,0.0365065
1.15623,0.484344,0.025599
1.13655,0.454819,0.0114764
1.06322,0.344831,0.0135674
1.11308,0.419617,0.0280709
1.09862,0.397926,0.0194966
1.08049,0.370735,0.0371527
1.06769,0.351536,0.0289099
1.10639,0.409584,0.0148959
1.08577,0.378655,0.0237468
1.09632,0.394474,0.0331386
1.1168,0.425206,0.0217349
1.06463,0.346944,0.0348347
1.07544,0.36316,0.0159666
1.10056,0.400847,0.0301562
1.04492,0.317381,0.0352642
1.01747,0.276202,0.0193207
1.00515,0.257718,0.0249449
1.05799,0.336985,0.0109359
1.05237,0.328561,0.0307187
1.01186,0.267784,0.0168657
1.02752,0.291286,0.0332397
1.03203,0.29804,0.0219785
1.03402,0.301025,0.0267231
1.02206,0.283093,0.0122049
1.00978,0.264677,0.0376871
1.04642,0.319636,0.0177174
0.971798,0.207697,0.0291333
0.957005,0.185507,0.015272
0.945045,0.167567,0.0340833
0.988899,0.233348,0.0202025
0.974262,0.211393,0.0104661
0.954053,0.181079,0.0245306
0.995064,0.242595,0.0335476
0.939064,0.158597,0.0206058
0.968352,0.202529,0.0220445
0.963175,0.194762,0.0315869
0.983233,0.224849,0.0269045
0.943228,0.164841,0.0121951
0.869959,0.0549379,0.0137363
0.921086,0.131629,0.0289683
0.894545,0.0918168,0.0341504
0.901445,0.102167,0.0185691
0.92295,0.134425,0.00929179
0.863727,0.0455905,0.0239356
0.885685,0.0785272,0.0192023
0.912007,0.11801,0.033468
0.880927,0.0713901,0.0267941
0.905264,0.107896,0.0136344
0.92733,0.140995,0.0358863
0.859796,0.0396931,0.0157254
0.832968,-0.000547886,0.0182409
0.800825,-0.0487624,0.0306717
0.781044,-0.0784346,0.0135671
0.856256,0.0343833,0.0224361
0.812036,-0.0319458,0.0194272
0.823645,-0.0145318,0.0339937
0.793747,-0.0593798,0.0277833
0.838638,0.00795713,0.00840565
0.849097,0.0236452,0.0212108
0.788014,-0.0679795,0.0354062
0.808585,-0.0371222,0.0105226
0.835762,0.00364348,0.0269376
0.758915,-0.111627,0.0302812
0.705873,-0.19119,0.0164278
0.732748,-0.150878,0.0267475
0.73995,-0.140075,0.00760045
0.692168,-0.211749,0.0313448
0.771956,-0.0920658,0.0174895
0.713241,-0.180139,0.0116052
0.754137,-0.118795,0.02189
0.709469,-0.185796,0.0220236
0.764597,-0.103104,0.0102362
0.744727,-0.132909,0.0344323
0.727186,-0.159221,0.01889
0.642989,-0.285516,0.012383
0.638162,-0.292757,0.0334717
0.669931,-0.245103,0.0224565
0.608653,-0.337021,0.00630419
0.681247,-0.22813,0.00979354
0.591803,-0.362295,0.0235029
0.666056,-0.250916,0.0267664
0.621477,-0.317784,0.0182803
0.648634,-0.277049,0.0249808
0.631816,-0.302277,0.0108407
0.612022,-0.331967,0.0285857
0.675496,-0.236756,0.0168454
0.564951,-0.402573,0.0212271
0.51631,-0.475536,0.00634453
0.587763,-0.368355,0.0122043
0.577237,-0.384145,0.0314929
0.505431,-0.491853,0.0161455
0.543164,-0.435255,0.00512937
0.533367,-0.44995,0.0207562
0.545468,-0.431798,0.028262
0.524613,-0.46308,0.0115381
0.502268,-0.496597,0.01817
0.567488,-0.398768,0.00857159
0.868063,0.0520936,0.0360631
0.846706,0.0200584,0.0517145
0.834257,0.00138508,0.0411386
0.878598,0.067898,0.0563512
0.872185,0.0582767,0.0423236
0.842498,0.0137467,0.0566646
0.853718,0.0305771,0.0308128
0.857566,0.03635,0.0462816
0.837336,0.00600371,0.0360842
0.871218,0.0568268,0.0489347
0.85138,0.0270692,0.0586463
0.862482,0.0437225,0.0395306
0.785728,-0.0714083,0.0542534
0.825596,-0.0116069,0.0395176
0.795596,-0.0566057,0.0362901
0.815432,-0.0268522,0.0483671
0.80645,-0.040325,0.0334919
0.801323,-0.0480156,0.0512881
0.824017,-0.0139747,0.0603163
0.790032,-0.0649516,0.0453435
0.783983,-0.0740249,0.0330978
0.829336,-0.00599504,0.0524857
0.800211,-0.0496842,0.0587187
0.816823,-0.0247656,0.0429965
0.751726,-0.122411,0.0572697
0.76779,-0.0983146,0.042129
0.737817,-0.143275,0.0386797
0.780025,-0.0799632,0.0475179
0.75594,-0.11609,0.0440204
0.763067,-0.105399,0.0581596
0.772252,-0.0916222,0.031887
0.745759,-0.131362,0.0528416
0.766388,-0.100419,0.0511489
0.746747,-0.129879,0.0352573
0.777405,-0.0838926,0.0450862
0.739229,-0.141157,0.0601744
0.715183,-0.177226,0.0332417
0.711072,-0.183392,0.048649
0.699569,-0.200646,0.0443142
0.72442,-0.16337,0.0575191
0.70369,-0.194466,0.039051
0.722101,-0.166848,0.052935
0.689824,-0.215264,0.0589437
0.732244,-0.151635,0.0429662
0.713943,-0.179085,0.0606758
0.706792,-0.189811,0.0405154
0.728923,-0.156616,0.037021
0.697437,-0.203844,0.0516086
0.659844,-0.260234,0.0463155
0.674251,-0.238623,0.056271
0.648117,-0.277824,0.0514668
0.686446,-0.220332,0.0362325
0.670235,-0.244647,0.0407968
0.661937,-0.257094,0.0615379
0.654167,-0.26875,0.03839
0.683383,-0.224925,0.0515725
0.652906,-0.270641,0.0581885
0.679266,-0.231101,0.0448551
0.668174,-0.247739,0.0489755
0.665478,-0.251783,0.0342348
0.631021,-0.303468,0.0468223
0.616546,-0.325181,0.0621702
1.27701,0.665511,0.0426466
0.640375,-0.289437,0.0522361
0.638336,-0.292495,0.0377265
0.609185,-0.336223,0.0518289
0.620231,-0.319653,0.0421294
0.625578,-0.311633,0.0570235
0.619188,-0.321218,0.0547683
0.622769,-0.315847,0.0345284
0.611862,-0.332206,0.0465389
0.635131,-0.297303,0.0600423
1.25639,0.634579,0.0574803
1.23919,0.608786,0.0426384
1.27029,0.655429,0.052731
1.22533,0.588002,0.0659948
1.25054,0.625816,0.0430506
1.24421,0.61632,0.0564914
1.23549,0.603231,0.0476359
1.26359,0.645385,0.0613726
1.24107,0.611611,0.062973
1.26084,0.641254,0.0481171
1.26884,0.653253,0.0543515
1.22769,0.591532,0.0453747
1.18442,0.526627,0.0514415
1.21378,0.570672,0.0663212
1.20403,0.556047,0.0422022
1.19559,0.543381,0.0578395
1.22162,0.582425,0.0463099
1.17545,0.513174,0.0607385
1.20887,0.563306,0.0550663
1.19137,0.537059,0.0437758
1.21914,0.578712,0.0594126
1.17743,0.516138,0.039726
1.20765,0.561469,0.051218
1.1864,0.529597,0.0644792
1.14233,0.46349,0.0539296
1.14732,0.470978,0.0389923
1.16205,0.493078,0.0635823
1.13069,0.446033,0.048215
1.11926,0.428896,0.0614976
1.17012,0.505173,0.0504676
1.15531,0.482962,0.0593317
1.13542,0.453131,0.045737
1.12549,0.438237,0.0567194
1.16523,0.49785,0.0434321
1.15183,0.477748,0.0605129
1.1433,0.464948,0.0521223
1.06699,0.35048,0.0604905
1.11624,0.424356,0.0513398
1.10391,0.405871,0.0555537
1.07858,0.36787,0.0409972
1.09193,0.387899,0.0422042
1.08748,0.381225,0.0566835
1.07292,0.359386,0.0472177
1.1107,0.416049,0.0652109
1.09402,0.391023,0.0627454
1.08248,0.373724,0.0493827
1.10517,0.407753,0.0401975
1.07117,0.356748,0.0539872
1.04801,0.32202,0.043597
1.00811,0.262157,0.05856
1.02651,0.289767,0.0479462
1.03023,0.295343,0.0639234
1.04342,0.315134,0.0504825
1.01646,0.274688,0.0609917
0.998922,0.248383,0.0381436
1.05599,0.333986,0.0526596
1.03765,0.306479,0.0569037
1.02082,0.281232,0.0429474
1.05732,0.335986,0.045761
1.00486,0.257285,0.0659843
0.931779,0.147668,0.0537736
0.99313,0.239695,0.0402987
0.953028,0.179542,0.0507268
0.975135,0.212702,0.0594642
0.983404,0.225106,0.0567206
0.940706,0.161059,0.0416989
0.960319,0.190478,0.0653429
0.971417,0.207126,0.0462714
0.964073,0.196109,0.0390536
0.967137,0.200706,0.0518347
0.989548,0.234322,0.0493389
0.945255,0.167883,0.0604831
0.911659,0.117489,0.0544342
0.880305,0.0704579,0.0387058
0.863426,0.0451383,0.0640375
0.926383,0.139575,0.0445613
0.891555,0.087332,0.0554275
0.896766,0.0951486,0.0421004
0.874788,0.0621822,0.0502617
0.917816,0.126724,0.0590433
0.903531,0.105297,0.0630197
0.887312,0.0809678,0.0463411
0.868187,0.0522811,0.0513434
0.916297,0.124445,0.0377654
0.849613,0.0244194,0.0423078
0.783479,-0.0747809,0.0569487
0.832957,-0.000564545,0.0627154
0.801059,-0.0484122,0.0462504
0.792685,-0.0609727,0.0363047
0.84673,0.0200947,0.0512223
0.820119,-0.0198221,0.0480102
0.811078,-0.0333837,0.0596707
0.815739,-0.0263914,0.04045
0.82746,-0.00880986,0.0555022
0.798453,-0.0523208,0.0636747
0.842116,0.0131741,0.0441728
0.712691,-0.180964,0.0509656
0.749356,-0.125966,0.0381218
0.697649,-0.203526,0.0474397
0.768312,-0.0975319,0.0569449
0.735462,-0.146807,0.0538067
0.727379,-0.158931,0.0397318
0.70628,-0.190581,0.0628038
0.76364,-0.10454,0.0430753
0.710292,-0.184563,0.035257
0.760917,-0.108625,0.049638
0.743909,-0.134136,0.0468295
0.729492,-0.155762,0.058701
0.609379,-0.335932,0.0561839
0.673969,-0.239047,0.0482035
0.643635,-0.284547,0.0516489
0.634162,-0.298756,0.0358124
0.599262,-0.351106,0.0419981
0.67851,-0.232235,0.0619714
0.61745,-0.323825,0.0516007
0.657962,-0.263058,0.0378663
0.594435,-0.358347,0.0489006
0.685514,-0.221729,0.0351053
0.628359,-0.307461,0.0443491
0.663407,-0.25489,0.0590678
0.57452,-0.38822,0.0385669
0.534552,-0.448172,0.0428136
0.550985,-0.423522,0.0586367
0.523381,-0.464928,0.0569724
0.561687,-0.40747,0.0448778
0.579767,-0.38035,0.0488828
0.568276,-0.397586,0.0562506
0.504525,-0.493212,0.0444448
0.530279,-0.454582,0.0499364
0.544184,-0.433724,0.0348796
0.873649,0.0604737,0.0610215
0.843534,0.0153017,0.0817506
0.85197,0.0279548,0.0709349
0.86098,0.0414699,0.0862219
0.849907,0.0248602,0.0881088
0.865392,0.0480874,0.0715133
0.88115,0.0717254,0.076832
0.83558,0.00337011,0.0661396
0.872163,0.0582444,0.0884347
0.838475,0.00771266,0.0744455
0.856517,0.0347752,0.0640691
0.853516,0.0302746,0.0782394
0.805824,-0.0412639,0.0889399
0.810491,-0.0342638,0.069235
0.790484,-0.0642744,0.0650551
0.822765,-0.0158522,0.080207
0.827278,-0.00908326,0.0628937
0.78836,-0.0674597,0.0788288
0.81879,-0.0218152,0.0844836
0.798651,-0.0520228,0.0752151
0.791472,-0.0627919,0.0861457
0.819036,-0.021446,0.0726276
0.801316,-0.0480258,0.0625877
0.808974,-0.0365394,0.0768962
0.770169,-0.0947469,0.0900974
0.748206,-0.127691,0.0697249
0.78106,-0.0784108,0.0656067
0.738437,-0.142345,0.0811107
0.774022,-0.0889674,0.0779694
0.74552,-0.13172,0.0639612
0.759809,-0.110287,0.0761522
0.755977,-0.116034,0.0837096
0.766373,-0.100441,0.0626708
0.752589,-0.121117,0.0763613
0.736813,-0.14478,0.0729687
0.777001,-0.0844992,0.0859899
0.72735,-0.158975,0.0686911
0.696089,-0.205867,0.0839433
0.712438,-0.181343,0.0863293
0.707891,-0.188164,0.0746359
0.717849,-0.173226,0.0711584
0.70167,-0.197495,0.088525
0.732153,-0.151771,0.0782388
0.694768,-0.207847,0.062785
0.69092,-0.21362,0.0844357
0.733821,-0.149268,0.0760545
0.720856,-0.168717,0.0803664
0.70543,-0.191855,0.0671379
0.646262,-0.280608,0.0808803
0.684058,-0.223913,0.0654513
0.676616,-0.235076,0.0906219
0.655916,-0.266126,0.0710357
0.679484,-0.230775,0.0820406
0.650874,-0.273689,0.0665087
0.669523,-0.245715,0.075383
0.665338,-0.251993,0.0861393
0.6545,-0.26825,0.0894746
0.681218,-0.228172,0.0729721
0.663737,-0.254394,0.0635204
0.671585,-0.242623,0.0773133
1.27576,0.66364,0.0710257
0.644197,-0.283705,0.0801763
0.631265,-0.303102,0.0714507
0.616332,-0.325502,0.0863529
0.634549,-0.298177,0.0660666
0.610489,-0.334267,0.0814663
0.628248,-0.307628,0.0904368
0.622054,-0.31692,0.077401
0.629926,-0.305111,0.0835566
0.612318,-0.331524,0.0641426
0.640852,-0.288722,0.074418
1.2774,0.666095,0.0918799
1.2383,0.607451,0.0850741
1.25559,0.633391,0.070641
1.26935,0.654018,0.0932078
1.23011,0.595166,0.0754903
1.25065,0.625972,0.0838083
1.24469,0.617041,0.0694768
1.26559,0.648378,0.0793636
1.23092,0.596381,0.0889437
1.25255,0.62883,0.0761622
1.24753,0.621298,0.0918705
1.23363,0.600442,0.0736289
1.26254,0.643814,0.0867258
1.21512,0.572673,0.076545
1.18423,0.526347,0.0917929
1.20021,0.550317,0.0817001
1.19611,0.544165,0.0681796
1.21076,0.566143,0.0723776
1.18851,0.532762,0.0868109
1.22134,0.582005,0.0894971
1.1764,0.514603,0.077613
1.17475,0.512119,0.0827803
1.218,0.577006,0.0702928
1.20708,0.560626,0.0936117
1.19189,0.537833,0.0753843
1.14953,0.474302,0.0921176
1.14417,0.466257,0.0760694
1.12867,0.443008,0.0873107
1.16003,0.490042,0.0728653
1.17142,0.507131,0.0808139
1.11921,0.428821,0.0681346
1.13601,0.454021,0.0895724
1.15811,0.48717,0.0781237
1.16413,0.496195,0.0883404
1.12625,0.439371,0.080092
1.14104,0.461559,0.0828905
1.14863,0.472938,0.069017
1.08356,0.375335,0.0718086
1.09321,0.389821,0.086619
1.10566,0.408485,0.0774168
1.0706,0.355899,0.0893126
1.07915,0.368728,0.0813942
1.0988,0.398207,0.067424
1.06185,0.342781,0.0762318
1.11447,0.421699,0.0916134
1.0742,0.361303,0.0694882
1.11086,0.416297,0.0822541
1.08971,0.384569,0.0751653
1.08756,0.381344,0.093047
1.0386,0.307904,0.068398
1.01768,0.276513,0.0822087
0.998118,0.247177,0.0730852
1.05672,0.335082,0.0933951
1.03118,0.296775,0.0839212
1.02227,0.283409,0.0706618
1.04679,0.320191,0.0800066
1.01188,0.267821,0.0881137
1.03503,0.30254,0.074963
1.02867,0.292998,0.0921977
1.05246,0.328687,0.0819274
1.00938,0.264063,0.0661796
0.94597,0.168955,0.0774982
0.984881,0.227322,0.0915729
0.972144,0.208216,0.0721282
0.961337,0.192006,0.0798549
0.932635,0.148952,0.0894789
0.994102,0.241153,0.07488
0.954512,0.181768,0.0665158
0.980244,0.220366,0.0851312
0.943565,0.165347,0.0846998
0.987015,0.230522,0.0678411
0.958661,0.187991,0.0728754
0.964985,0.197478,0.0873691
0.870744,0.0561166,0.0902463
0.915173,0.12276,0.0750879
0.892931,0.0893958,0.071175
0.895203,0.0928044,0.0846253
0.92556,0.13834,0.0897298
0.859831,0.0397463,0.0762471
0.88089,0.0713346,0.08088
0.910842,0.116263,0.0657171
0.874028,0.0610414,0.0680198
0.921298,0.131947,0.0825094
0.900891,0.101336,0.078214
0.886318,0.0794776,0.0872821
0.824986,-0.0125213,0.0706208
0.811061,-0.0334094,0.0799435
0.795019,-0.0574709,0.0742281
0.847173,0.0207591,0.0895523
0.854874,0.0323116,0.0771831
0.787722,-0.0684179,0.0895853
0.80834,-0.0374893,0.0656269
0.829148,-0.00627807,0.0844555
0.836892,0.00533834,0.0722726
0.802006,-0.0469913,0.0873562
0.780359,-0.0794614,0.0691317
0.852442,0.0286625,0.0825164
0.735633,-0.146551,0.0869742
0.731999,-0.152002,0.0718876
0.712194,-0.18171,0.0809298
0.763604,-0.104595,0.0683594
0.716524,-0.175215,0.0905628
0.756401,-0.115398,0.077879
0.697264,-0.204103,0.0661585
0.774236,-0.088646,0.0823626
0.744197,-0.133705,0.0649913
0.725103,-0.162346,0.0842564
0.703034,-0.19545,0.0746447
0.761829,-0.107257,0.0895209
0.602809,-0.345786,0.0725219
0.684648,-0.223029,0.0874214
0.622268,-0.316597,0.0830254
0.663956,-0.254066,0.0642011
0.638109,-0.292837,0.0684287
0.647608,-0.278588,0.0787403
0.612234,-0.331649,0.0885053
0.676567,-0.23515,0.0740248
0.658556,-0.262166,0.090993
0.628546,-0.307182,0.075511
0.59305,-0.360425,0.0786329
0.678197,-0.232704,0.0675683
0.571069,-0.393396,0.0835361
0.530732,-0.453902,0.0888874
0.550155,-0.424767,0.074246
0.5843,-0.373549,0.0679878
0.518275,-0.472588,0.0722311
0.555375,-0.416938,0.0863248
0.561217,-0.408175,0.0638981
0.510945,-0.483583,0.080701
0.590375,-0.364437,0.0907689
0.862641,0.0439619,0.106993
0.852006,0.0280089,0.0955019
0.838091,0.00713578,0.113154
0.870859,0.056288,0.098023
0.877093,0.0656395,0.119525
0.832972,-0.000541821,0.103684
0.84816,0.0222401,0.110049
0.863279,0.0449182,0.093093
0.844994,0.0174912,0.100909
0.86614,0.0492098,0.115341
0.834997,0.00249557,0.105762
0.880497,0.0707458,0.0972617
0.783505,-0.0747417,0.0948698
0.829339,-0.00599161,0.110583
0.79649,-0.055265,0.114329
0.812855,-0.0307178,0.103785
0.807366,-0.0389505,0.118931
0.801749,-0.0473767,0.0993016
0.821159,-0.018262,0.0935104
0.793766,-0.0593506,0.109054
0.81803,-0.0229549,0.105381
0.797838,-0.0532425,0.0919929
0.786105,-0.070842,0.118057
0.827972,-0.00804178,0.101184
0.770893,-0.0936615,0.105236
0.744132,-0.133802,0.120145
0.760981,-0.108529,0.111136
0.753837,-0.119244,0.0931559
0.747638,-0.128543,0.108351
0.764786,-0.102821,0.0953183
0.737295,-0.144057,0.100097
0.781503,-0.0777464,0.113513
0.762377,-0.106434,0.100324
0.758037,-0.112944,0.115873
0.742639,-0.136041,0.0984486
0.774355,-0.0884672,0.106087
0.692279,-0.211582,0.105425
0.733339,-0.149991,0.120314
0.72069,-0.168965,0.093274
0.706231,-0.190654,0.111477
0.716097,-0.175855,0.108725
0.707286,-0.189071,0.0959761
0.698505,-0.202242,0.114183
0.728134,-0.157799,0.0997567
0.696552,-0.205172,0.0928321
0.723902,-0.164148,0.112745
0.711547,-0.182679,0.118679
0.712151,-0.181774,0.102848
0.671546,-0.242681,0.11289
0.662992,-0.255511,0.097401
0.655515,-0.266728,0.115806
0.681696,-0.227456,0.102729
0.659215,-0.261178,0.107631
0.67308,-0.24038,0.0926405
0.649609,-0.275586,0.102237
0.688234,-0.217648,0.117787
0.664394,-0.253409,0.119678
0.669121,-0.246319,0.100422
0.651134,-0.273299,0.0949896
0.680309,-0.229537,0.108069
0.639246,-0.291131,0.107404
0.610315,-0.334527,0.0935039
0.626712,-0.309932,0.102706
0.61804,-0.32294,0.117459
0.617164,-0.324253,0.103626
0.630102,-0.304847,0.116453
1.2772,0.665799,0.114941
0.643005,-0.285493,0.0980268
0.621914,-0.317129,0.0958424
0.623362,-0.314956,0.110636
0.634817,-0.297775,0.105426
1.28178,0.672668,0.117021
1.24603,0.619045,0.105184
1.24897,0.623452,0.118191
1.23243,0.598644,0.109796
1.26408,0.646124,0.0958628
1.26014,0.640214,0.103367
1.23846,0.607684,0.119701
1.22554,0.588316,0.100941
1.26971,0.654571,0.113865
1.2669,0.650354,0.120797
1.23446,0.601691,0.10311
1.24409,0.616132,0.11215
1.25335,0.630026,0.0986751
1.21923,0.578845,0.0998699
1.17553,0.513292,0.108728
1.20646,0.559683,0.117384
1.19128,0.536921,0.104216
1.19524,0.54286,0.120078
1.20503,0.557542,0.105876
1.18079,0.521182,0.0952536
1.21425,0.571368,0.114563
1.20054,0.550809,0.110907
1.1974,0.546095,0.0991373
1.21539,0.573089,0.102147
1.1837,0.525546,0.115786
1.11955,0.429324,0.0983554
1.17018,0.505271,0.11212
1.15763,0.486443,0.102737
1.13811,0.457158,0.12118
1.15146,0.477191,0.116854
1.14287,0.46431,0.107228
1.13197,0.44796,0.11155
1.16253,0.493798,0.096436
1.12755,0.441332,0.10347
1.16362,0.495427,0.119014
1.14132,0.461982,0.113625
1.14651,0.46976,0.100652
1.08662,0.379923,0.117149
1.09234,0.388516,0.105067
1.07188,0.357814,0.0998442
1.11007,0.4151,0.114479
1.06569,0.348539,0.109266
1.11496,0.422438,0.0954931
1.07757,0.366351,0.103974
1.10212,0.403182,0.119528
1.0612,0.341795,0.10711
1.11123,0.416849,0.116444
1.09956,0.399341,0.0980847
1.08191,0.372868,0.112165
1.05696,0.335436,0.110149
0.999548,0.249322,0.0959145
1.0198,0.279699,0.115206
1.04294,0.314411,0.108079
1.01262,0.268928,0.112751
1.04837,0.322551,0.0977532
1.02619,0.289286,0.102131
1.03522,0.302835,0.121527
1.03912,0.308674,0.114432
1.01443,0.271644,0.100644
1.05245,0.328671,0.103323
1.00361,0.255419,0.120163
0.961164,0.191746,0.0975882
0.971506,0.207259,0.110604
0.941083,0.161625,0.121595
0.986402,0.229603,0.106309
0.95229,0.178436,0.112019
0.978284,0.217425,0.0967392
0.992709,0.239064,0.11594
0.938187,0.15728,0.102276
0.96572,0.19858,0.104073
0.959336,0.189004,0.117116
0.982964,0.224445,0.114899
0.947411,0.171116,0.0954557
0.907578,0.111367,0.11699
0.88,0.0700004,0.105238
0.863473,0.0452094,0.113501
0.923945,0.135917,0.100027
0.920174,0.130262,0.108289
0.871599,0.0573991,0.0935324
0.887524,0.0812859,0.119672
0.898526,0.0977882,0.102647
0.913836,0.120755,0.10714
0.875053,0.0625798,0.114867
0.893832,0.0907483,0.0983928
0.901694,0.102541,0.112176
0.838287,0.007431,0.102828
0.801334,-0.0479992,0.117417
0.787419,-0.0688722,0.0936383
0.855094,0.0326405,0.114355
0.847141,0.0207117,0.100121
0.795831,-0.0562541,0.107378
0.813822,-0.0292669,0.104944
0.821545,-0.0176829,0.119423
0.850044,0.0250666,0.106807
0.780297,-0.0795545,0.119739
0.806219,-0.0406709,0.0977135
0.832642,-0.00103676,0.109984
0.704374,-0.193439,0.097173
0.757765,-0.113353,0.109779
0.733697,-0.149455,0.115083
0.736379,-0.145432,0.0999408
0.755559,-0.116661,0.119539
0.716823,-0.174765,0.105309
0.770342,-0.0944874,0.095936
0.691139,-0.213292,0.110557
0.77367,-0.0894946,0.11691
0.696963,-0.204555,0.102861
0.750189,-0.124716,0.0981527
0.72135,-0.167976,0.108267
0.681363,-0.227956,0.101274
0.59289,-0.360665,0.118835
0.621971,-0.317043,0.0973473
0.665537,-0.251694,0.113648
0.638753,-0.29187,0.106931
0.643144,-0.285284,0.0918933
0.66983,-0.245254,0.116447
0.608088,-0.337868,0.103513
0.648355,-0.277468,0.120756
0.632704,-0.300944,0.0997882
0.675416,-0.236876,0.0971171
0.612158,-0.331763,0.110786
0.520884,-0.468674,0.109086
0.564539,-0.403191,0.0955857
0.586383,-0.370426,0.114677
0.570106,-0.394841,0.105581
0.508424,-0.487364,0.119268
0.533488,-0.449767,0.0936305
0.546041,-0.430939,0.109486
0.580692,-0.378962,0.0924243
0.516153,-0.475771,0.102101
0.554357,-0.418464,0.117649
0.857061,0.0355909,0.120827
0.854918,0.0323763,0.141473
0.843452,0.0151782,0.132871
0.873505,0.0602567,0.146937
0.835717,0.00357543,0.145826
0.881167,0.0717511,0.130996
0.866684,0.050026,0.136702
0.843941,0.0159113,0.126017
0.838272,0.00740781,0.138323
0.87157,0.0573549,0.123834
0.861836,0.0427539,0.143525
0.852765,0.0291478,0.128113
0.824829,-0.0127564,0.143482
0.79051,-0.0642353,0.127828
0.810477,-0.034285,0.125384
0.805945,-0.0410819,0.137334
0.818534,-0.0221991,0.140461
0.800107,-0.0498391,0.123398
0.825347,-0.0119798,0.133422
0.786638,-0.070044,0.149378
0.828375,-0.00743707,0.135506
0.783347,-0.0749799,0.127477
0.814008,-0.0289878,0.131008
0.796859,-0.0547117,0.14469
0.738499,-0.142251,0.137761
0.776724,-0.0849143,0.125277
0.768121,-0.0978181,0.143102
0.75174,-0.12239,0.129141
0.77513,-0.0873045,0.140311
0.742401,-0.136399,0.122735
0.763064,-0.105404,0.134399
0.755835,-0.116247,0.149554
0.746302,-0.130546,0.144647
0.772818,-0.0907734,0.130505
0.758961,-0.111558,0.135798
0.75428,-0.11858,0.127435
0.710889,-0.183666,0.145961
0.716757,-0.174864,0.130674
0.724772,-0.162842,0.136553
0.698299,-0.202551,0.127702
0.734273,-0.148591,0.122011
0.692163,-0.211756,0.1414
0.705207,-0.192189,0.132568
0.721442,-0.167836,0.146488
0.727652,-0.158522,0.134718
0.695236,-0.207146,0.148682
0.708041,-0.187938,0.123707
0.712769,-0.180846,0.139605
0.656061,-0.265909,0.127618
0.677896,-0.233156,0.13578
0.648764,-0.276853,0.144881
0.68904,-0.21644,0.131571
0.681957,-0.227064,0.148008
0.65525,-0.267124,0.132816
0.668069,-0.247897,0.121714
0.665094,-0.252358,0.142089
0.652542,-0.271186,0.137846
0.679585,-0.230622,0.125774
0.670272,-0.244592,0.143402
0.661627,-0.257559,0.128739
0.632993,-0.30051,0.127572
0.613545,-0.329682,0.141139
1.27441,0.661618,0.13384
0.641544,-0.287683,0.145556
0.636251,-0.295623,0.130146
1.28123,0.671838,0.148149
0.62047,-0.319295,0.121384
0.62314,-0.31529,0.135586
0.610424,-0.334364,0.125971
0.639283,-0.291075,0.140583
0.618716,-0.321926,0.143064
0.626859,-0.309711,0.135295
1.23636,0.604539,0.146144
1.26346,0.645185,0.133569
1.24623,0.619349,0.128035
1.25329,0.629934,0.142292
1.23995,0.609923,0.137664
1.25965,0.639477,0.123616
1.22515,0.587728,0.132692
1.27123,0.656842,0.146789
1.25089,0.626337,0.130462
1.24346,0.615193,0.149353
1.26576,0.648633,0.138033
1.23253,0.5988,0.125123
1.19101,0.536517,0.147639
1.20798,0.561976,0.133171
1.17669,0.515038,0.122871
1.22285,0.584268,0.142585
1.21489,0.572333,0.128955
1.18447,0.526702,0.13653
1.20321,0.55481,0.145177
1.19467,0.542005,0.131799
1.21124,0.566858,0.138511
1.18745,0.531177,0.126044
1.21814,0.577205,0.130253
1.17299,0.509481,0.143355
1.16216,0.493245,0.146471
1.12752,0.441286,0.131478
1.14258,0.463863,0.137701
1.14612,0.469186,0.128923
1.16869,0.503033,0.1333
1.11971,0.429565,0.147283
1.15835,0.487522,0.141977
1.13391,0.450858,0.12345
1.15072,0.476086,0.148492
1.14049,0.460735,0.135933
1.12974,0.444617,0.139984
1.16579,0.498689,0.125282
1.08135,0.372022,0.136001
1.10129,0.40194,0.14876
1.06665,0.349971,0.139825
1.11181,0.417721,0.124514
1.09642,0.394637,0.13085
1.08742,0.381133,0.144038
1.06876,0.353144,0.12609
1.10886,0.413288,0.139203
1.07157,0.357356,0.147056
1.10459,0.406888,0.132625
1.09287,0.389301,0.1418
1.08477,0.377149,0.123384
1.0386,0.307899,0.129656
1.01672,0.275085,0.14851
1.0561,0.334152,0.140172
1.00533,0.258001,0.127117
1.02352,0.285275,0.134793
1.03316,0.299742,0.144464
1.05101,0.326521,0.125556
1.00769,0.261531,0.138655
1.04272,0.314078,0.137457
1.01836,0.277541,0.122458
0.999774,0.249661,0.146081
1.05829,0.337442,0.132884
0.932813,0.149219,0.140819
0.995131,0.242697,0.123789
0.973354,0.210031,0.143278
0.950115,0.175173,0.129451
0.957229,0.185843,0.149041
0.967196,0.200794,0.135498
0.981466,0.222199,0.137993
0.944085,0.166127,0.126289
0.993127,0.23969,0.148205
0.938925,0.158387,0.134132
0.979931,0.219897,0.128558
0.952184,0.178277,0.136085
0.894284,0.0914254,0.137693
0.895666,0.0934989,0.124056
0.918938,0.128407,0.149458
0.875714,0.0635709,0.129075
0.877826,0.0667394,0.12653
0.910468,0.115703,0.139617
0.864186,0.0462784,0.143984
0.930578,0.145867,0.1357
0.904564,0.106847,0.130861
0.881288,0.0719315,0.147941
0.860774,0.0411613,0.122032
0.925711,0.138566,0.1376
0.857413,0.0361189,0.14648
0.785195,-0.0722076,0.132825
0.835913,0.0038701,0.127303
0.799821,-0.0502679,0.136993
0.845016,0.0175244,0.131731
0.797565,-0.0536528,0.144736
0.817834,-0.0232483,0.123002
0.819405,-0.0208932,0.142252
0.852448,0.0286727,0.124627
0.781103,-0.0783454,0.139724
0.829219,-0.00617105,0.144641
0.803681,-0.0444788,0.129841
0.751924,-0.122115,0.142304
0.721447,-0.167829,0.122006
0.773019,-0.0904711,0.130646
0.695054,-0.207419,0.145171
0.71077,-0.183845,0.13333
0.75986,-0.11021,0.146494
0.730598,-0.154104,0.136224
0.743884,-0.134175,0.1284
0.768713,-0.0969302,0.138202
0.697606,-0.203591,0.126023
0.713081,-0.180379,0.149145
0.748997,-0.126505,0.134773
0.651936,-0.272096,0.147695
0.633544,-0.299685,0.130545
0.607189,-0.339216,0.141924
0.667444,-0.248834,0.127987
0.625034,-0.312449,0.144971
0.654379,-0.268432,0.133246
0.593944,-0.359084,0.122323
0.683676,-0.224486,0.135847
0.621555,-0.317668,0.124567
0.662606,-0.256091,0.140355
0.686699,-0.219951,0.129257
0.603893,-0.344161,0.149942
0.591188,-0.363218,0.127022
0.511549,-0.482677,0.131646
0.561989,-0.407016,0.147548
0.573826,-0.389261,0.141012
0.505848,-0.491228,0.121417
0.543346,-0.434981,0.13119
0.53792,-0.443121,0.145628
0.550028,-0.424959,0.138789
0.529877,-0.455184,0.124287
0.5716,-0.392599,0.133607
0.84824,0.0223596,0.162318
0.865696,0.0485436,0.178048
0.834409,0.00161403,0.171887
0.881009,0.0715143,0.150774
0.842569,0.0138529,0.156776
0.872422,0.0586329,0.165258
0.853094,0.0296402,0.174705
0.861233,0.0418489,0.161222
0.837545,0.00631683,0.179708
0.869188,0.0537817,0.163692
0.858673,0.0380103,0.170488
0.856313,0.0344692,0.153322
0.815131,-0.0273037,0.162763
0.795346,-0.0569809,0.176875
0.786008,-0.0709881,0.150587
0.827549,-0.0086769,0.171184
0.789793,-0.0653102,0.16638
0.822757,-0.0158639,0.156025
0.808062,-0.037907,0.175812
0.803352,-0.0449723,0.160822
0.819147,-0.02128,0.178705
0.792045,-0.0619317,0.163035
0.806339,-0.0404924,0.1689
0.811602,-0.0325968,0.153695
0.761725,-0.107412,0.150803
0.752824,-0.120765,0.166239
0.743913,-0.13413,0.159602
0.772377,-0.0914337,0.176408
0.75176,-0.122361,0.156501
0.766382,-0.100426,0.171916
0.737554,-0.143669,0.174619
0.777795,-0.0833082,0.162898
0.782261,-0.0766081,0.166872
0.739521,-0.140718,0.152458
0.770343,-0.0944848,0.158283
0.747405,-0.128893,0.178687
0.726844,-0.159734,0.152062
0.699964,-0.200053,0.166525
0.716533,-0.175201,0.179319
0.708792,-0.186812,0.157715
0.718685,-0.171973,0.164049
0.70385,-0.194225,0.173261
0.734296,-0.148556,0.168494
0.694125,-0.208813,0.154684
0.729731,-0.155404,0.159929
0.691454,-0.212819,0.177169
0.721537,-0.167695,0.165828
0.701265,-0.198103,0.150668
0.68115,-0.228275,0.170206
0.650725,-0.273912,0.15632
0.667463,-0.248805,0.161356
0.663413,-0.254881,0.175466
0.674111,-0.238833,0.175694
0.656155,-0.265767,0.160404
0.685433,-0.221851,0.150994
0.648674,-0.276988,0.165035
0.675633,-0.23655,0.154192
0.66028,-0.259581,0.169764
0.647084,-0.279374,0.163459
0.688764,-0.216855,0.172674
0.64168,-0.287479,0.158095
1.27762,0.666425,0.172179
0.61474,-0.32789,0.152593
0.629585,-0.305623,0.168795
0.637026,-0.294461,0.178763
1.28008,0.670117,0.163629
0.625188,-0.312218,0.155149
0.620059,-0.319912,0.166707
0.634193,-0.298711,0.150283
0.610743,-0.333885,0.171612
0.626605,-0.310093,0.173612
0.622881,-0.315679,0.159782
1.23106,0.596586,0.168318
1.26258,0.643864,0.154276
1.2476,0.621395,0.157626
1.25112,0.626681,0.176834
1.25813,0.637196,0.163698
1.2366,0.604897,0.170851
1.26802,0.652037,0.165615
1.22674,0.590112,0.152229
1.25476,0.632134,0.151151
1.2453,0.61795,0.164024
1.26525,0.647871,0.173149
1.23658,0.604877,0.160583
1.20639,0.559591,0.167505
1.18881,0.53321,0.153066
1.17401,0.511009,0.176631
1.22211,0.58316,0.162528
1.18305,0.524573,0.157582
1.21408,0.571113,0.171854
1.20143,0.552147,0.153692
1.19329,0.539942,0.166616
1.21067,0.566,0.160367
1.1921,0.538147,0.174034
1.17645,0.514678,0.155221
1.21795,0.576931,0.165205
1.15071,0.47607,0.151989
1.14543,0.46815,0.168661
1.16007,0.490102,0.177713
1.12922,0.443835,0.163497
1.15691,0.485359,0.166362
1.13552,0.453285,0.153932
1.12025,0.430381,0.171554
1.17101,0.50651,0.15839
1.12658,0.439866,0.164202
1.16428,0.49642,0.156735
1.14904,0.473558,0.173372
1.14045,0.460669,0.158852
1.06238,0.343576,0.161475
1.11768,0.426525,0.174777
1.1014,0.402101,0.151108
1.07987,0.369806,0.169589
1.10471,0.407072,0.159836
1.07275,0.359127,0.174178
1.09428,0.391427,0.165314
1.08944,0.384154,0.155492
1.06812,0.352173,0.153108
1.10983,0.414748,0.167944
1.08352,0.375287,0.176495
1.09266,0.388991,0.16285
1.03831,0.307468,0.168055
1.01944,0.279155,0.153061
1.05528,0.332927,0.158367
0.999183,0.248775,0.171041
1.02504,0.287555,0.166794
1.03364,0.300454,0.154091
1.04632,0.319476,0.176904
1.00939,0.26408,0.162256
1.02797,0.291953,0.159614
1.03186,0.297794,0.173961
1.05209,0.328133,0.15124
1.01159,0.267379,0.169814
0.992374,0.238561,0.161471
0.930781,0.146172,0.17621
0.974592,0.211888,0.164666
0.953773,0.18066,0.156735
0.940285,0.160428,0.159399
0.983205,0.224807,0.174399
0.972201,0.208301,0.150368
0.959688,0.189532,0.169826
0.938161,0.157241,0.15235
0.994194,0.241291,0.16868
0.978218,0.217328,0.157584
0.952014,0.178022,0.171308
0.885815,0.0787228,0.157505
0.896218,0.0943267,0.177861
0.875176,0.0627643,0.169036
0.91546,0.12319,0.154474
0.880801,0.0712012,0.171861
0.905885,0.108828,0.163517
0.926855,0.140282,0.166361
0.85878,0.0381704,0.152882
0.882988,0.0744826,0.156147
0.912537,0.118806,0.170764
0.924335,0.136502,0.160342
0.864439,0.0466586,0.17595
0.788584,-0.0671246,0.164465
0.839719,0.00957903,0.150571
0.822365,-0.016452,0.17352
0.817186,-0.0242206,0.162175
0.782393,-0.0764104,0.156106
0.850305,0.0254578,0.170644
0.79931,-0.051035,0.17624
0.8341,0.00114915,0.15944
0.827964,-0.00805345,0.154641
0.813051,-0.0304231,0.16925
0.8448,0.0171993,0.177974
0.798495,-0.0522583,0.157476
0.710271,-0.184594,0.155568
0.762193,-0.10671,0.165218
0.740772,-0.138842,0.161248
0.728713,-0.156931,0.176827
0.721232,-0.168153,0.160243
0.748869,-0.126696,0.175075
0.776139,-0.085792,0.151448
0.695774,-0.206339,0.17048
0.690205,-0.214692,0.163474
0.768793,-0.096811,0.177216
0.717892,-0.173163,0.167492
0.75626,-0.115611,0.154225
0.647459,-0.278811,0.164403
0.632759,-0.300861,0.172801
0.66821,-0.247686,0.167835
0.611818,-0.332274,0.152638
0.622771,-0.315844,0.158684
0.656875,-0.264687,0.17788
0.685038,-0.222443,0.154306
0.595937,-0.356094,0.168719
0.604111,-0.343833,0.161221
0.682235,-0.226648,0.174984
0.626501,-0.310249,0.166232
0.66537,-0.251944,0.151137
0.502869,-0.495696,0.158905
0.576688,-0.384967,0.172824
0.546641,-0.430038,0.153384
0.535535,-0.446697,0.170112
0.51801,-0.472985,0.154504
0.562671,-0.405994,0.167489
0.583813,-0.37428,0.163491
0.515729,-0.476406,0.175433
0.553589,-0.419616,0.160791
0.587296,-0.369057,0.170691
0.869443,0.0541654,0.184659
0.843293,0.0149388,0.19672
0.852005,0.0280073,0.194571
0.856779,0.0351691,0.209318
0.880812,0.0712172,0.198942
0.83313,-0.000305042,0.182408
0.864527,0.0467899,0.187512
0.843736,0.0156044,0.203552
0.846931,0.0203954,0.186545
0.866814,0.0502211,0.195715
0.836994,0.00549082,0.206664
0.87854,0.0678093,0.192252
0.790825,-0.063762,0.207402
0.823705,-0.0144434,0.192428
0.810272,-0.0345917,0.19481
0.805763,-0.0413561,0.187078
0.799467,-0.0507995,0.200929
0.817707,-0.0234402,0.180433
0.826221,-0.0106682,0.205648
0.785757,-0.0713646,0.189556
0.813036,-0.0304461,0.208134
0.796546,-0.0551814,0.193579
0.783046,-0.075431,0.196451
0.829369,-0.00594594,0.184558
0.766827,-0.0997596,0.199501
0.747704,-0.128444,0.181684
0.738118,-0.142823,0.203218
0.776644,-0.0850335,0.187227
0.743062,-0.135407,0.193488
0.775145,-0.0872827,0.208872
0.75909,-0.111365,0.184495
0.753953,-0.119071,0.196771
0.751986,-0.122022,0.205343
0.768317,-0.0975252,0.191842
0.780254,-0.0796182,0.195329
0.737229,-0.144157,0.186757
0.707777,-0.188335,0.193603
0.715312,-0.177032,0.201592
0.724548,-0.163178,0.184714
0.697371,-0.203944,0.198832
0.705089,-0.192366,0.207963
0.720611,-0.169084,0.187218
0.690662,-0.214007,0.181573
0.730253,-0.154621,0.197003
0.733286,-0.15007,0.191384
0.694964,-0.207554,0.20476
0.702168,-0.196747,0.186317
0.723158,-0.165263,0.200419
0.645602,-0.281597,0.191357
0.686058,-0.220913,0.205517
0.658581,-0.262129,0.199557
0.67477,-0.237845,0.17972
0.65258,-0.27113,0.203756
0.679361,-0.230958,0.189917
0.670595,-0.244108,0.195561
0.662326,-0.256511,0.185359
0.667473,-0.248791,0.192081
0.664644,-0.253034,0.207078
0.655279,-0.267082,0.18199
0.682572,-0.226141,0.198296
0.633068,-0.300399,0.20764
0.615129,-0.327307,0.192818
0.642532,-0.286202,0.181538
1.27378,0.660673,0.195862
0.611212,-0.333182,0.183908
0.63502,-0.29747,0.195413
0.622044,-0.316934,0.201121
0.62603,-0.310955,0.187974
0.617982,-0.323027,0.180524
0.62444,-0.313341,0.200351
1.28135,0.672027,0.20341
0.639175,-0.291237,0.190704
1.22978,0.59467,0.184978
1.27249,0.658741,0.198981
1.24111,0.611668,0.193299
1.25566,0.633497,0.18202
1.23596,0.603933,0.204547
1.26536,0.648034,0.190129
1.25494,0.632406,0.196564
1.2448,0.617193,0.180382
1.23747,0.606205,0.189393
1.25877,0.638154,0.202824
1.22666,0.589987,0.197651
1.26841,0.652614,0.178427
1.19698,0.545477,0.183814
1.20505,0.557572,0.197706
1.18274,0.524111,0.203213
1.2135,0.570254,0.18705
1.19207,0.538112,0.19167
1.20943,0.564151,0.178774
1.22374,0.585612,0.200404
1.17444,0.511667,0.188356
1.22079,0.581182,0.181152
1.17774,0.51661,0.196414
1.20603,0.559039,0.205302
1.18724,0.530858,0.185236
1.16592,0.498878,0.192481
1.13018,0.445274,0.183378
1.14801,0.47202,0.187254
1.14254,0.463813,0.201576
1.15879,0.488178,0.202504
1.13381,0.450714,0.188446
1.17048,0.505721,0.179233
1.12504,0.437553,0.196927
1.11967,0.42951,0.186291
1.16691,0.50036,0.20022
1.13734,0.456012,0.19481
1.15571,0.48357,0.181398
1.10701,0.410518,0.183158
1.06899,0.353492,0.19764
1.0825,0.373754,0.188725
1.09577,0.393661,0.20189
1.11196,0.417946,0.192389
1.06327,0.344908,0.179085
1.09974,0.399606,0.187721
1.08078,0.371171,0.202778
1.09017,0.385255,0.18094
1.08743,0.381139,0.19449
1.07397,0.360957,0.185933
1.10877,0.413159,0.204268
1.01515,0.272726,0.201168
1.04043,0.310646,0.189353
1.0021,0.253154,0.18478
1.05247,0.328707,0.198357
1.00838,0.262575,0.193429
1.05059,0.325891,0.178064
1.02355,0.28533,0.186879
1.03028,0.295422,0.20337
1.04235,0.313529,0.194307
1.02089,0.28133,0.180338
1.0575,0.336256,0.185566
1.00039,0.250584,0.205186
0.941576,0.162364,0.181193
0.988368,0.232552,0.193851
0.970499,0.205748,0.190683
0.964811,0.197216,0.19918
0.990162,0.235244,0.182693
0.93562,0.15343,0.196816
0.979545,0.219318,0.20555
0.955623,0.183434,0.185653
0.974941,0.212412,0.178874
0.951282,0.176923,0.192339
0.932188,0.148282,0.189729
0.99483,0.242245,0.201233
0.921544,0.132316,0.185554
0.871129,0.056693,0.206132
0.893516,0.0902743,0.182769
0.899926,0.0998888,0.197385
0.91223,0.118344,0.181041
0.883507,0.0752605,0.194668
0.864697,0.0470454,0.190785
0.923863,0.135794,0.200074
0.858128,0.0371916,0.199091
0.926666,0.139999,0.184348
0.904994,0.107491,0.204113
0.87926,0.0688893,0.187705
0.831166,-0.00325111,0.204078
0.798849,-0.0517273,0.189711
0.856446,0.0346694,0.18435
0.780768,-0.0788484,0.194322
0.797507,-0.0537388,0.179501
0.839381,0.00907174,0.199634
0.812272,-0.0315921,0.202524
0.819842,-0.020237,0.188865
0.814653,-0.02802,0.182595
0.827089,-0.0093663,0.19564
0.790677,-0.0639845,0.206446
0.845124,0.0176856,0.191318
0.754429,-0.118356,0.179224
0.718867,-0.171699,0.199864
0.697783,-0.203325,0.191418
0.771484,-0.0927738,0.204937
0.706557,-0.190165,0.202704
0.765525,-0.101713,0.189174
0.741533,-0.1377,0.193368
0.732529,-0.151206,0.185631
0.746821,-0.129769,0.201012
0.716621,-0.175068,0.186275
0.773925,-0.0891134,0.183454
0.690311,-0.214533,0.195606
0.611624,-0.332563,0.203929
0.668533,-0.247201,0.18941
0.647233,-0.279151,0.199819
0.635239,-0.297142,0.180057
0.597786,-0.353321,0.190565
0.68804,-0.217941,0.205338
0.619126,-0.321311,0.193826
0.658972,-0.261542,0.184832
0.673926,-0.239112,0.196465
0.60527,-0.342095,0.183693
0.638328,-0.292508,0.207079
0.653083,-0.270376,0.192206
0.533801,-0.449298,0.191703
0.545935,-0.431097,0.203978
0.502962,-0.495557,0.194557
0.577631,-0.383554,0.180078
0.522736,-0.465896,0.207052
0.559993,-0.41001,0.189313
0.581539,-0.377691,0.200912
0.511538,-0.482693,0.1828
0.556531,-0.415203,0.196178
0.590714,-0.363929,0.192565
0.851044,0.0265654,0.226016
0.8587,0.0380505,0.216014
0.871707,0.0575599,0.235616
0.840775,0.0111624,0.22083
0.846115,0.0191731,0.211353
0.863793,0.0456891,0.230768
0.832058,-0.00191243,0.236155
0.879429,0.069143,0.222801
0.839028,0.00854138,0.228695
0.874546,0.0618184,0.213216
0.856046,0.0340681,0.222943
0.860306,0.0404595,0.238689
0.825787,-0.0113193,0.215599
0.786952,-0.0695719,0.230258
0.79679,-0.0548145,0.221369
0.813772,-0.0293424,0.235004
0.790919,-0.0636212,0.210793
0.824491,-0.0132637,0.224454
0.8015,-0.0477492,0.235935
0.80951,-0.0357341,0.22047
0.782629,-0.0760562,0.217917
0.828435,-0.0073474,0.238284
0.798915,-0.051628,0.227003
0.818346,-0.0224812,0.212377
0.760401,-0.109399,0.229693
0.752684,-0.120974,0.216156
0.771137,-0.0932942,0.221872
0.7451,-0.132351,0.232912
0.746845,-0.129732,0.22377
0.764496,-0.103256,0.209563
0.78231,-0.0765344,0.236059
0.737301,-0.144048,0.21886
0.769346,-0.0959814,0.23207
0.749785,-0.125322,0.223634
0.739636,-0.140546,0.228676
0.779226,-0.0811609,0.214034
0.70438,-0.19343,0.23354
0.723513,-0.16473,0.218857
0.694628,-0.208058,0.20974
0.731815,-0.152277,0.229756
0.715833,-0.17625,0.235447
0.711359,-0.182962,0.219788
0.696404,-0.205393,0.223506
0.727273,-0.15909,0.214723
0.698148,-0.202778,0.217257
0.72399,-0.164015,0.230802
0.70762,-0.188571,0.227425
0.714546,-0.178181,0.212304
0.660859,-0.258712,0.211922
0.676636,-0.235046,0.22631
0.648088,-0.277868,0.235889
0.683786,-0.224321,0.221661
0.652069,-0.271897,0.216822
0.682642,-0.226037,0.230623
0.664146,-0.253781,0.22759
0.670729,-0.243906,0.211263
0.674771,-0.237843,0.218488
0.656654,-0.265019,0.23358
0.645687,-0.281469,0.209617
0.688007,-0.21799,0.22867
0.626023,-0.310966,0.220369
0.621159,-0.318261,0.233488
0.611138,-0.333292,0.208894
0.635269,-0.297097,0.22822
0.615624,-0.326564,0.21829
0.633164,-0.300255,0.233224
1.27348,0.660226,0.220091
0.642341,-0.286489,0.214051
1.27821,0.667317,0.218082
0.640182,-0.289727,0.235992
0.629266,-0.306101,0.210791
0.614356,-0.328466,0.22674
1.26715,0.650718,0.211672
1.23331,0.599963,0.220598
1.25116,0.626742,0.230218
1.24346,0.615197,0.217128
1.25687,0.635312,0.214062
1.23929,0.608932,0.228601
1.26814,0.652209,0.225653
1.22857,0.592862,0.205958
1.23572,0.603584,0.212918
1.26209,0.643132,0.227282
1.25269,0.629033,0.207586
1.24809,0.622135,0.223754
1.18748,0.531218,0.226495
1.21114,0.566711,0.212473
1.22001,0.580013,0.221129
1.17304,0.509554,0.21056
1.21385,0.570771,0.208193
1.18102,0.521524,0.22394
1.19699,0.545481,0.217641
1.19894,0.548414,0.232576
1.2168,0.575193,0.228549
1.18269,0.524028,0.215197
1.19375,0.540625,0.220108
1.20238,0.553567,0.21228
1.14074,0.461105,0.231151
1.14831,0.47246,0.216548
1.15964,0.489466,0.226093
1.13023,0.445345,0.207147
1.1549,0.482354,0.228478
1.13252,0.448774,0.214676
1.1722,0.508296,0.211818
1.1199,0.429854,0.220302
1.16342,0.495131,0.213769
1.12671,0.440071,0.226421
1.15149,0.477238,0.221522
1.1424,0.463606,0.210061
1.08358,0.375377,0.207041
1.0932,0.389797,0.220243
1.07064,0.355964,0.228746
1.10561,0.408422,0.216708
1.06177,0.342659,0.215297
1.11459,0.42188,0.23154
1.07916,0.36874,0.225829
1.09883,0.398239,0.212314
1.0669,0.350344,0.221996
1.11569,0.423535,0.207472
1.10389,0.405838,0.227314
1.07719,0.365792,0.218937
1.04018,0.310275,0.232833
1.02053,0.280801,0.219644
1.05354,0.330311,0.208077
1.00149,0.252237,0.223779
1.00693,0.260401,0.21018
1.04856,0.322846,0.223267
1.02244,0.283658,0.227995
1.03583,0.303744,0.214223
1.02999,0.29499,0.225841
1.02745,0.291174,0.206811
1.04985,0.324771,0.216336
1.0135,0.270248,0.230893
0.94969,0.174535,0.224077
0.976349,0.214523,0.209757
0.932942,0.149413,0.218923
0.996646,0.244969,0.228448
0.968566,0.202849,0.222272
0.959518,0.189277,0.208943
0.944,0.166,0.233809
0.981874,0.222811,0.214162
0.973064,0.209596,0.217156
0.962091,0.193137,0.230362
0.94126,0.16189,0.212202
0.987321,0.230982,0.226454
0.914813,0.122219,0.230304
0.870799,0.056199,0.216887
0.899921,0.0998816,0.212505
0.886636,0.0799537,0.22164
0.858075,0.0371119,0.231812
0.923191,0.134786,0.218642
0.907175,0.110762,0.226008
0.884504,0.0767559,0.208204
0.920874,0.131311,0.209055
0.873057,0.0595857,0.224576
0.891671,0.0875058,0.219301
0.897682,0.0965233,0.23357
0.780422,-0.0793677,0.210039
0.853558,0.0303372,0.225427
0.802659,-0.0460109,0.235014
0.832834,-0.000748545,0.219797
0.81306,-0.0304108,0.21443
0.821188,-0.0182181,0.228626
0.797044,-0.0544342,0.223386
0.842974,0.0144615,0.211805
0.835924,0.00388625,0.22174
0.80801,-0.0379856,0.214169
0.848725,0.0230872,0.216861
0.78475,-0.0728756,0.231147
0.770169,-0.0947466,0.207993
0.70041,-0.199385,0.228783
0.756458,-0.115314,0.233527
0.720337,-0.169494,0.218964
0.762444,-0.106334,0.221883
0.704992,-0.192513,0.214948
0.734938,-0.147593,0.231344
0.742854,-0.135718,0.217365
0.739628,-0.140559,0.226524
0.725609,-0.161587,0.209426
0.707868,-0.188198,0.236393
0.75923,-0.111154,0.221226
0.61287,-0.330695,0.217723
0.667804,-0.248294,0.23192
0.635442,-0.296837,0.223077
0.646664,-0.280003,0.215381
0.618234,-0.32265,0.209483
0.657559,-0.263662,0.229278
0.597066,-0.354401,0.235556
0.689103,-0.216345,0.218957
0.661741,-0.257389,0.216591
0.627682,-0.308478,0.230971
0.602638,-0.346042,0.213993
0.680947,-0.22858,0.225141
0.558751,-0.411874,0.225705
0.519556,-0.470667,0.213579
0.582661,-0.376008,0.217732
0.566155,-0.400767,0.237329
0.501294,-0.498059,0.224191
0.525942,-0.461087,0.229191
0.547885,-0.428172,0.21138
0.576102,-0.385848,0.21551
0.508215,-0.487677,0.224688
0.532174,-0.451738,0.218456
0.541007,-0.438489,0.233554
0.840054,0.0100817,0.243384
0.870819,0.0562285,0.257741
0.854423,0.0316349,0.263119
0.857317,0.0359759,0.247774
0.868533,0.0528003,0.268427
0.846404,0.0196065,0.252951
0.877501,0.0662516,0.243497
0.83169,-0.00246529,0.258202
0.840756,0.0111333,0.266285
0.873767,0.0606499,0.252933
0.859449,0.0391734,0.260925
0.850524,0.0257859,0.240531
0.81751,-0.0237356,0.250677
0.79755,-0.0536744,0.264426
0.783531,-0.0747033,0.239922
0.828707,-0.00693926,0.255973
0.810112,-0.034832,0.265645
0.803478,-0.0447827,0.248758
0.821199,-0.0182012,0.245888
0.793423,-0.0598653,0.259705
0.787956,-0.0680665,0.266963
0.825939,-0.0110907,0.248305
0.79661,-0.0550845,0.243431
0.813207,-0.030189,0.258083
0.738666,-0.142001,0.252673
0.781342,-0.0779863,0.262696
0.769439,-0.0958416,0.243858
0.747453,-0.128821,0.257673
0.77346,-0.0898099,0.246879
0.745461,-0.131809,0.26703
0.758878,-0.111683,0.255905
0.755921,-0.116119,0.241051
0.772567,-0.0911497,0.260357
0.742517,-0.136225,0.245487
0.753318,-0.120023,0.262933
0.762629,-0.106056,0.250654
0.726584,-0.160124,0.23848
0.697496,-0.203757,0.259395
0.708919,-0.186621,0.247448
0.713105,-0.180343,0.262636
0.701507,-0.19774,0.264169
0.719911,-0.170133,0.250382
0.730247,-0.154629,0.253467
0.693214,-0.210178,0.244417
0.725235,-0.162148,0.266839
0.699759,-0.200362,0.252321
0.710327,-0.18451,0.254809
0.717544,-0.173684,0.243043
0.663997,-0.254004,0.264043
0.667224,-0.249164,0.247889
0.682396,-0.226407,0.252367
0.655309,-0.267036,0.238606
0.657655,-0.263518,0.248463
0.677042,-0.234437,0.263118
0.650126,-0.274811,0.257488
0.687808,-0.218288,0.243447
0.670798,-0.243802,0.257004
0.661994,-0.257009,0.241853
0.652537,-0.271195,0.260896
0.678807,-0.231789,0.251121
0.634783,-0.297826,0.239281
0.60908,-0.33638,0.254104
0.623955,-0.314067,0.260505
0.621724,-0.317414,0.250637
0.633646,-0.29953,0.245448
0.613954,-0.329069,0.264071
0.641439,-0.287841,0.25599
1.2741,0.661152,0.23674
0.616257,-0.325615,0.238437
0.630203,-0.304695,0.252603
1.27728,0.665926,0.256507
0.642118,-0.286823,0.248901
1.26947,0.654208,0.257397
1.2249,0.587344,0.242962
1.23748,0.606216,0.247847
1.26046,0.640695,0.234586
1.23224,0.598366,0.255848
1.26159,0.642385,0.243897
1.24809,0.622139,0.23854
1.25061,0.625922,0.252891
1.23461,0.601919,0.236041
1.26458,0.646866,0.249107
1.25438,0.631575,0.241088
1.24571,0.618558,0.259428
1.20674,0.560117,0.249796
1.18902,0.533524,0.236464
1.22119,0.581791,0.245822
1.17585,0.513778,0.254904
1.21284,0.569265,0.259069
1.18387,0.525809,0.241631
1.20146,0.552193,0.237971
1.19334,0.540013,0.250465
1.22017,0.580249,0.252929
1.17827,0.517408,0.23862
1.19047,0.535699,0.257511
1.21153,0.567302,0.242688
1.15766,0.486494,0.234766
1.13414,0.451213,0.252616
1.17066,0.505983,0.256128
1.1247,0.437048,0.243676
1.14288,0.464315,0.239166
1.14588,0.468827,0.248105
1.16517,0.497759,0.244134
1.13208,0.448122,0.257684
1.15552,0.483285,0.260704
1.13607,0.4541,0.246275
1.16893,0.503399,0.236958
1.1193,0.428957,0.249584
1.0702,0.355305,0.241511
1.11029,0.41544,0.254656
1.09041,0.385614,0.237339
1.08232,0.373486,0.249754
1.09905,0.39858,0.252159
1.07528,0.362926,0.235584
1.06543,0.348138,0.261395
1.11179,0.417686,0.246603
1.08129,0.371928,0.256463
1.10111,0.401672,0.242847
1.06339,0.345083,0.240203
1.11584,0.423766,0.247536
1.05643,0.334648,0.251442
1.00442,0.256624,0.236232
1.01898,0.278473,0.260974
1.03908,0.308627,0.247535
1.02501,0.287511,0.242275
1.03654,0.304815,0.25579
1.0494,0.324101,0.237979
1.01164,0.267456,0.251379
1.03198,0.297969,0.234803
1.02843,0.292642,0.253739
1.0458,0.318695,0.258695
1.00824,0.262363,0.244564
0.974065,0.211097,0.244386
0.954067,0.181101,0.258381
0.992343,0.238515,0.249842
0.930738,0.146108,0.240202
0.939739,0.159609,0.254568
0.981632,0.222447,0.235861
0.959158,0.188736,0.246013
0.973047,0.209571,0.259466
0.988289,0.232433,0.256458
0.943738,0.165607,0.241519
0.96297,0.194456,0.251382
0.969076,0.203615,0.238762
0.881929,0.0728931,0.247497
0.905886,0.108829,0.257538
0.925557,0.138335,0.237473
0.861874,0.0428108,0.252697
0.916776,0.125164,0.253036
0.869472,0.0542083,0.239521
0.890138,0.0852063,0.262158
0.902827,0.10424,0.24277
0.875986,0.0639786,0.258918
0.919163,0.128744,0.246966
0.893428,0.0901421,0.2354
0.895798,0.0936968,0.25057
0.836859,0.00528857,0.251047
0.803429,-0.044856,0.236463
0.786319,-0.0705213,0.26049
0.853128,0.0296919,0.247602
0.820422,-0.0193677,0.241666
0.814844,-0.0277345,0.255591
0.84657,0.0198553,0.260919
0.7964,-0.0554004,0.245713
0.851256,0.0268844,0.252974
0.778672,-0.0819927,0.240843
0.806075,-0.0408883,0.262529
0.832883,-0.000675142,0.243494
0.701974,-0.197039,0.264857
0.764998,-0.102503,0.244463
0.730961,-0.153559,0.239414
0.745588,-0.131617,0.252497
0.753025,-0.120463,0.23996
0.723634,-0.164549,0.254666
0.767641,-0.0985382,0.25926
0.698443,-0.202335,0.249546
0.717673,-0.17349,0.247254
0.75114,-0.12329,0.261709
0.691694,-0.212459,0.25264
0.772873,-0.090691,0.237082
0.664617,-0.253075,0.265456
0.621455,-0.317817,0.246445
0.60162,-0.34757,0.257591
0.684805,-0.222793,0.241325
0.637312,-0.294032,0.259718
0.647866,-0.2782,0.251467
0.612232,-0.331652,0.240431
0.676642,-0.235037,0.253444
0.6092,-0.336199,0.264782
0.666845,-0.249732,0.246576
0.650762,-0.273858,0.258707
0.632117,-0.301825,0.243843
0.556647,-0.41503,0.249062
0.523258,-0.465114,0.26413
0.591638,-0.362543,0.254297
0.528946,-0.456581,0.251357
0.546428,-0.430358,0.264996
0.509716,-0.485426,0.259423
0.574576,-0.388137,0.238987
0.572119,-0.391822,0.261863
0.532812,-0.450782,0.257075
0.540994,-0.43851,0.242262
0.849721,0.024581,0.276844
0.863967,0.0459507,0.285891
0.879117,0.068675,0.280105
0.835781,0.00367151,0.294941
0.873643,0.0604648,0.296439
0.840951,0.0114265,0.281501
0.85117,0.0267544,0.290751
0.859386,0.0390788,0.271146
0.870535,0.0558027,0.273978
0.838893,0.008339,0.287652
0.85666,0.0349896,0.293837
0.854349,0.0315239,0.278396
0.790915,-0.0636279,0.296917
0.822816,-0.0157756,0.277605
0.806396,-0.0404054,0.287462
0.802029,-0.0469573,0.273244
0.825262,-0.0121068,0.292945
0.78659,-0.0701145,0.282294
0.814503,-0.028246,0.271167
0.794356,-0.0584664,0.287062
0.817826,-0.0232616,0.295116
0.798979,-0.0515318,0.278199
0.78357,-0.074645,0.28906
0.828051,-0.00792311,0.275935
0.769291,-0.0960634,0.289514
0.74668,-0.129981,0.27395
0.738856,-0.141716,0.294888
0.781709,-0.077437,0.277882
0.75687,-0.114695,0.283637
0.75896,-0.11156,0.268256
0.746559,-0.130161,0.280673
0.774129,-0.0888064,0.292736
0.737775,-0.143337,0.271076
0.777668,-0.0834978,0.285475
0.751027,-0.123459,0.290841
0.76688,-0.0996793,0.281912
0.70807,-0.187896,0.282252
0.716593,-0.17511,0.267768
0.723325,-0.165013,0.29473
0.695781,-0.206329,0.276359
0.731475,-0.152788,0.279605
0.690155,-0.214768,0.291795
0.703449,-0.194827,0.273934
0.718251,-0.172624,0.287844
0.694356,-0.208466,0.269773
0.732781,-0.150828,0.285534
0.702032,-0.196952,0.296386
0.721507,-0.167739,0.275373
0.645865,-0.281202,0.276058
0.687521,-0.218719,0.292773
0.676536,-0.235197,0.273914
0.660681,-0.258978,0.287196
0.680188,-0.229718,0.278325
0.65526,-0.267111,0.291591
0.671368,-0.242947,0.282217
0.664119,-0.253822,0.268368
0.683714,-0.224429,0.269145
0.647508,-0.278738,0.284206
0.656269,-0.265597,0.279507
0.673987,-0.239019,0.290031
1.27517,0.662758,0.285612
0.639703,-0.290445,0.275357
0.630349,-0.304477,0.286078
0.617036,-0.324446,0.272625
0.626227,-0.31066,0.267207
0.618079,-0.322881,0.281873
1.2814,0.672101,0.271175
0.636081,-0.295879,0.290666
0.643853,-0.28422,0.283588
1.27698,0.665469,0.26308
0.612911,-0.330634,0.288578
0.632836,-0.300746,0.279707
1.24002,0.610026,0.268675
1.25634,0.634504,0.287426
1.27079,0.656188,0.263457
1.22947,0.594204,0.277325
1.25375,0.630622,0.273135
1.24605,0.619069,0.281615
1.26505,0.647576,0.27887
1.23371,0.600572,0.264506
1.24893,0.623389,0.262281
1.25124,0.626867,0.274783
1.23235,0.59853,0.285705
1.26185,0.64278,0.270804
1.19227,0.538409,0.28347
1.20603,0.559044,0.272801
1.17521,0.512808,0.262249
1.21868,0.578017,0.274721
1.19467,0.542004,0.270287
1.20431,0.556471,0.286055
1.2133,0.569943,0.267647
1.17992,0.519872,0.281157
1.19826,0.547396,0.27711
1.20145,0.552168,0.262898
1.21618,0.574266,0.281525
1.18346,0.525184,0.274042
1.12531,0.437967,0.278836
1.16361,0.495421,0.264411
1.1523,0.478445,0.2832
1.14412,0.466173,0.269419
1.13894,0.458407,0.288431
1.15771,0.486566,0.273582
1.16666,0.499988,0.27735
1.12364,0.435466,0.26537
1.17167,0.507504,0.270593
1.12164,0.432465,0.284321
1.13334,0.450003,0.262276
1.15536,0.483035,0.280214
1.07364,0.360462,0.275326
1.10721,0.41081,0.288368
1.09522,0.392827,0.266045
1.08661,0.379917,0.277809
1.08075,0.371129,0.263576
1.10113,0.401688,0.279717
1.11593,0.4239,0.268197
1.06322,0.344835,0.283858
1.08295,0.374418,0.270548
1.09034,0.385507,0.28447
1.11051,0.415771,0.262047
1.06977,0.354651,0.281793
1.01072,0.266084,0.285992
1.05101,0.326517,0.271906
1.03353,0.300298,0.281124
1.02309,0.284632,0.262812
1.04027,0.310404,0.267556
1.02004,0.280066,0.276244
1.00252,0.253778,0.272612
1.05732,0.335975,0.287169
0.998722,0.248083,0.28043
1.05477,0.332148,0.264423
1.01678,0.27517,0.269967
1.04424,0.316364,0.283116
0.968856,0.203284,0.265093
0.964527,0.196791,0.280718
0.988925,0.233388,0.288924
0.945507,0.16826,0.275696
0.951083,0.176625,0.267781
0.979388,0.219082,0.279457
0.99554,0.243311,0.26983
0.9393,0.15895,0.285202
0.952991,0.179486,0.287151
0.973637,0.210455,0.274141
0.931803,0.147705,0.263739
0.993352,0.240028,0.281425
0.902719,0.104079,0.281069
0.889888,0.0848325,0.266531
0.869609,0.0544132,0.28996
0.916965,0.125447,0.275204
0.861915,0.042872,0.270772
0.925689,0.138534,0.284796
0.905837,0.108756,0.267695
0.881902,0.0728533,0.280294
0.930067,0.1451,0.264262
0.864802,0.0472027,0.283801
0.910041,0.115062,0.288094
0.87745,0.0661744,0.274871
0.793764,-0.0593544,0.281845
0.846552,0.0198286,0.266232
0.816654,-0.0250185,0.271288
0.822994,-0.0155093,0.291429
0.786547,-0.0701802,0.269171
0.853642,0.0304622,0.282704
0.835434,0.00315115,0.277931
0.803491,-0.0447639,0.286473
0.778375,-0.0824375,0.290571
0.850809,0.0262133,0.273281
0.806074,-0.0408892,0.264976
0.829422,-0.00586629,0.278516
0.766453,-0.100321,0.279208
0.706269,-0.190597,0.266394
0.737404,-0.143893,0.274348
0.72477,-0.162845,0.292039
0.69842,-0.202371,0.286293
0.76892,-0.0966204,0.271281
0.749979,-0.125031,0.288569
0.713219,-0.180172,0.277548
0.752508,-0.121237,0.267395
0.721879,-0.167182,0.28298
0.69491,-0.207635,0.273681
0.77357,-0.0896444,0.291931
0.646082,-0.280878,0.268326
0.635283,-0.297075,0.283983
0.672532,-0.241202,0.288931
0.605523,-0.341715,0.281092
0.681745,-0.227382,0.27488
0.60221,-0.346685,0.294916
0.656063,-0.265905,0.284634
0.622552,-0.316173,0.270444
0.613829,-0.329257,0.287666
0.668052,-0.247923,0.27264
0.64209,-0.286865,0.277148
0.650638,-0.274044,0.292498
0.525,-0.4625,0.296203
0.542944,-0.435583,0.276204
0.566603,-0.400096,0.285266
0.506635,-0.490047,0.270882
0.514297,-0.478554,0.282652
0.552479,-0.421281,0.290391
0.587547,-0.36868,0.27256
0.584118,-0.373822,0.294481
0.518584,-0.472124,0.283757
0.563084,-0.405375,0.267816
0.79521,-0.0571847,0.299643
0.779537,-0.0806945,0.29899
0.650536,-0.274196,0.297706
0.673964,-0.239053,0.297366
1.27505,0.662568,0.289081
0.625921,-0.311118,0.297255
1.25079,0.626186,0.292972
1.23286,0.599287,0.295421
1.23715,0.605729,0.291215
1.24413,0.616192,0.299564
1.26599,0.648978,0.288715
1.19694,0.545409,0.290077
1.21773,0.576596,0.299359
1.21147,0.567206,0.294756
1.17839,0.517586,0.29778
1.18118,0.521777,0.293047
1.20289,0.554338,0.296747
1.12849,0.442733,0.295644
1.13518,0.452774,0.298009
1.1667,0.500043,0.289018
1.15941,0.489119,0.293443
1.0805,0.370756,0.29509
1.07247,0.358698,0.299038
1.09496,0.392436,0.290496
1.10962,0.414423,0.292797
1.04815,0.322229,0.293035
1.03904,0.308563,0.296705
0.999316,0.248975,0.295265
1.03476,0.302145,0.29568
1.00818,0.262277,0.299025
0.990494,0.235741,0.294576
0.956009,0.184014,0.297938
0.942443,0.163665,0.292658
0.961431,0.192146,0.296483
0.889003,0.0835041,0.297692
0.905218,0.107827,0.291883
0.898702,0.0980536,0.298796
0.873267,0.0599,0.293577
0.83779,0.00668564,0.297634
0.815271,-0.0270931,0.293663
0.853233,0.0298493,0.295245
0.759005,-0.111492,0.294275
0.738658,-0.142013,0.298763
0.636487,-0.295269,0.296108
0.68386,-0.224211,0.298198
0.552173,-0.42174,0.299908
